<?xml version="1.0" encoding="UTF-8" standalone="yes"?>
<addon id="plugin.program.ghostwizard"                                                                                                                                    
	   name=" [COLOR white][B]Ghost[/COLOR][COLOR white]Wizard[/COLOR][/B]"                                                 
	   version="1.0"                                                                                                                                        
	   provider-name="ghost">
  <requires>
    <import addon="xbmc.python" version="2.1.0"/>

  </requires>
  <extension point="xbmc.python.pluginsource" library="default.py">
    <provides>executable</provides>
  </extension>
  <extension point="xbmc.service" library="startup.py" start="startup" />
  <extension point="xbmc.addon.metadata">
    <summary lang="en">Ghost Wizard</summary>
    <description lang="en"></description>
    <platform>all</platform>
  </extension>
</addon>